model,acc,prec,rec,f1
Qwen/Qwen2.5-7B-Instruct,0.7321428571428571,0.7169811320754716,1.0,0.8351648351648352
